timestamp,value
1774610175.1836221,26
1774610176.1839328,92
1774610177.1855993,21
1774610178.1858702,40
1774610179.1874046,39
1774610180.190331,55
1774610181.190549,69
1774610182.1914494,22
1774610183.1942463,62
1774610184.1952608,100
1774610185.1955295,43
1774610186.195775,27
1774610187.1960123,66
1774610188.1965504,67
1774610189.1968033,15
1774610190.1985645,73
1774610191.1988,96
1774610192.2005317,91
1774610193.2007651,14
1774610194.20105,72
1774610195.2013493,80
1774610196.2015905,52
1774610197.2055347,28
1774610198.2071705,86
1774610199.2074409,21
1774610200.207706,93
1774610201.2079597,87
1774610202.20821,81
1774610203.2099965,73
1774610204.2103455,42
1774610205.2108154,88
1774610206.2135315,52
1774610207.213803,70
1774610208.2140732,96
1774610209.2167504,54
1774610210.217151,66
1774610211.217501,31
1774610212.2177532,69
1774610213.238099,24
1774610214.2384305,13
1774610215.2408235,58
1774610216.2413092,34
1774610217.241994,22
1774610218.242253,18
1774610219.2451875,90
1774610220.2454448,33
1774610221.2457144,27
1774610222.2459712,44
1774610223.2474976,82
1774610224.248175,63
1774610225.2546318,63
1774610226.257358,205
1774610227.2601247,35
1774610228.2604215,85
1774610229.2606926,46
1774610230.2612927,25
1774610231.2618253,54
1774610232.267532,35
1774610233.2735622,94
1774610234.274442,25
1774610235.2750185,78
1774610236.2794306,53
1774610237.28053,82
1774610238.2807708,87
1774610239.2810194,39
1774610240.2821057,36
1774610241.2833192,38
1774610242.284941,47
1774610243.3057547,49
1774610244.306306,68
1774610245.3065424,97
1774610246.3096316,22
1774610247.309912,41
1774610248.310439,66
1774610249.3108063,66
1774610250.3110495,62
1774610251.3113382,83
1774610252.3116603,52
1774610253.3153007,150
1774610254.3156006,65
1774610255.315867,27
1774610256.316098,18
1774610257.3163352,61
1774610258.3202167,13
1774610259.3205152,90
1774610260.320951,86
1774610261.3212323,62
1774610262.3215058,35
1774610263.3217442,68
1774610264.322023,98
1774610265.322262,100
1774610266.323059,12
1774610267.3237288,93
1774610268.3240225,27
1774610269.3242624,99
1774610270.3246088,77
1774610271.3301282,34
1774610272.3399014,16
1774610273.340157,36
1774610274.342549,79
1774610275.3428166,87
1774610276.3430839,59
1774610277.3451467,236
1774610278.3454518,95
1774610279.3457825,52
1774610280.346047,40
1774610281.3463554,65
1774610282.3466527,96
1774610283.3495696,190
1774610284.3505292,62
1774610285.350845,95
1774610286.3530629,83
1774610287.353334,70
1774610288.3536232,37
1774610289.3538587,20
1774610290.3541698,66
1774610291.3544974,63
1774610292.354806,54
1774610293.3550727,89
1774610294.3553383,52
1774610295.355616,11
1774610296.355874,26
1774610297.3561227,17
1774610298.3563886,45
1774610299.356736,87
1774610300.357042,85
1774610301.3573604,41
1774610302.357653,39
1774610303.3579297,77
1774610304.3581865,29
1774610305.358424,56
1774610306.358713,82
1774610307.3589594,40
1774610308.359217,53
1774610309.359711,63
1774610310.360022,100
1774610311.3603086,98
1774610312.360624,98
1774610313.3610823,58
1774610314.3613489,52
1774610315.3619611,33
1774610316.3627396,299
1774610317.3630044,48
1774610318.3632631,33
1774610319.3635142,57
1774610320.363834,42
1774610321.3640985,57
1774610322.3643634,20
1774610323.3646622,75
1774610324.364929,16
1774610325.3662984,90
1774610326.3677607,16
1774610327.3680246,28
1774610328.3682961,36
1774610329.36854,157
1774610330.3688097,99
1774610331.369083,57
1774610332.36933,30
1774610333.3695369,59
1774610334.3698473,44
1774610335.3701239,59
1774610336.370359,22
1774610337.3706667,93
1774610338.3710182,27
1774610339.3713322,85
1774610340.3715482,60
1774610341.3718421,87
1774610342.3720942,62
1774610343.372356,91
1774610344.3726468,78
1774610345.372906,35
1774610346.3740463,81
1774610347.374337,32
1774610348.3746119,271
1774610349.3749204,26
1774610350.3751936,13
1774610351.3755045,21
1774610352.3757644,293
1774610353.376004,27
1774610354.3771253,78
1774610355.3783064,50
1774610356.378565,12
1774610357.3788812,38
1774610358.3791573,78
1774610359.3794026,29
1774610360.3796775,58
1774610361.3799284,91
1774610362.3801699,48
1774610363.3804703,256
1774610364.3828266,39
1774610365.3831182,38
1774610366.3834155,39
1774610367.3836997,46
1774610368.3839726,83
1774610369.384235,34
1774610370.3845294,90
1774610371.3848033,22
1774610372.3850558,16
1774610373.3853896,50
1774610374.3857174,68
1774610375.385994,29
1774610376.3862877,89
1774610377.386547,79
1774610378.38686,45
1774610379.3871925,19
1774610380.3875291,22
1774610381.387809,79
1774610382.3905392,86
1774610383.3907924,21
1774610384.3910577,225
1774610385.3913176,71
1774610386.3918934,37
1774610387.3933942,17
1774610388.3945258,68
1774610389.3948193,61
1774610390.3962724,13
1774610391.3966255,33
1774610392.3987215,34
1774610393.399148,37
1774610394.400839,34
1774610395.4011195,59
1774610396.4014232,48
1774610397.4017308,42
1774610398.4045606,38
1774610399.4048436,12
1774610400.4051607,50
1774610401.4057872,48
1774610402.406058,58
1774610403.4068656,12
1774610404.407402,71
1774610405.4076939,92
1774610406.4080203,69
1774610407.4083014,10
1774610408.408838,97
1774610409.412942,44
1774610410.4132044,35
1774610411.4134514,76
1774610412.4137764,48
1774610413.4153209,98
1774610414.415638,68
1774610415.4159536,40
1774610416.41719,93
1774610417.4215658,77
1774610418.4259412,13
1774610419.4295337,44
1774610420.4298148,75
1774610421.430809,21
1774610422.4316144,49
1774610423.4319265,56
1774610424.4327524,85
1774610425.4340303,99
1774610426.4408422,45
1774610427.441125,29
1774610428.4420671,25
1774610429.4431975,62
1774610430.443866,48
1774610431.4441698,71
1774610432.4444299,21
1774610433.4447095,293
1774610434.4450767,98
1774610435.4453857,258
1774610436.4457,88
1774610437.445975,76
1774610438.4485254,77
1774610439.4487886,83
1774610440.4490707,80
1774610441.4493945,27
1774610442.4496646,42
1774610443.4499557,84
1774610444.451533,233
1774610445.4517794,69
1774610446.4520502,61
1774610447.4522858,75
1774610448.4609559,36
1774610449.461224,13
1774610450.4615216,25
1774610451.461754,85
1774610452.4620204,15
1774610453.4623058,30
1774610454.4644477,50
1774610455.4647422,34
1774610456.4649887,81
1774610457.4657595,55
1774610458.4668612,14
1774610459.46713,56
1774610460.4674046,226
1774610461.467765,45
1774610462.468034,24
1774610463.4683022,59
1774610464.4685903,31
1774610465.4688673,68
1774610466.4691331,12
1774610467.4704401,37
1774610468.4707518,95
1774610469.4726183,82
1774610470.4728346,19
1774610471.4733841,83
1774610472.473689,80
1774610473.4739866,56
1774610474.4742892,44
1774610475.4775312,92
1774610476.477841,13
1774610477.4781835,96
1774610478.4785223,75
1774610479.4791648,83
1774610480.4794285,67
1774610481.4808097,96
1774610482.4811006,75
1774610483.481711,67
1774610484.4819736,54
1774610485.4822176,75
1774610486.48265,18
1774610487.483009,78
1774610488.4835467,47
1774610489.4843686,50
1774610490.485237,47
1774610491.4873588,30
1774610492.4876714,77
1774610493.487937,48
1774610494.4882216,28
1774610495.4885077,62
1774610496.4888349,94
1774610497.4891238,21
1774610498.489603,69
1774610499.490183,91
1774610500.4919128,84
1774610501.4921846,82
1774610502.4926884,99
1774610503.4941587,29
1774610504.494414,31
1774610505.4946976,155
1774610506.49497,61
1774610507.4953194,83
1774610508.4985363,76
1774610509.4988227,29
1774610510.499071,17
1774610511.4993477,82
1774610512.4996219,82
1774610513.501286,10
1774610514.5025368,76
1774610515.5028214,82
1774610516.5040143,29
1774610517.5047286,49
1774610518.5058053,33
1774610519.5071177,33
1774610520.5081794,28
1774610521.5151184,82
1774610522.5154011,10
1774610523.515897,26
1774610524.5185394,27
1774610525.5200794,14
1774610526.5203528,93
1774610527.5207071,90
1774610528.5221176,295
1774610529.522986,66
1774610530.525134,19
1774610531.5254037,262
1774610532.5256894,63
1774610533.5290606,83
1774610534.5299978,56
1774610535.5306404,91
1774610536.533737,85
1774610537.5345204,70
1774610538.5365434,70
1774610539.5396717,68
1774610540.53993,82
1774610541.540186,26
1774610542.5407689,67
1774610543.541049,88
1774610544.5436292,91
1774610545.543922,85
1774610546.5442014,256
1774610547.5445335,34
1774610548.5448303,15
1774610549.5451028,98
1774610550.5453477,54
1774610551.5470726,63
1774610552.5473752,43
1774610553.5476646,74
1774610554.54791,181
1774610555.548813,75
1774610556.5495422,38
1774610557.5498857,56
1774610558.5501595,82
1774610559.550435,40
1774610560.5508409,66
1774610561.5526543,38
1774610562.553182,69
1774610563.553713,291
1774610564.554577,25
1774610565.5560827,81
1774610566.5567775,96
1774610567.5570302,68
1774610568.5575705,84
1774610569.559006,15
1774610570.5593498,67
1774610571.5596945,14
1774610572.559992,58
1774610573.560773,49
1774610574.561648,20
1774610575.561904,49
1774610576.5621684,70
1774610577.5624356,243
1774610578.5627337,45
1774610579.5630229,44
1774610580.5643845,96
1774610581.564689,78
1774610582.566528,34
1774610583.5667975,91
1774610584.5670638,75
1774610585.5685596,21
1774610586.568827,93
1774610587.5690773,76
1774610588.5693517,82
1774610589.5696483,26
1774610590.5699031,21
1774610591.5706043,60
1774610592.570882,66
1774610593.5711453,17
1774610594.5745487,69
1774610595.575186,70
1774610596.5755243,61
1774610597.5758476,56
1774610598.5761366,24
1774610599.576445,75
1774610600.5767946,259
1774610601.5770485,71
1774610602.5773196,73
1774610603.5775454,39
1774610604.5778108,65
1774610605.578075,23
1774610606.5783653,62
1774610607.5786712,47
1774610608.5789618,56
1774610609.5792377,29
1774610610.5795724,161
1774610611.5798354,65
1774610612.5800972,23
1774610613.5814226,71
1774610614.581771,44
1774610615.5820355,12
1774610616.5827966,61
1774610617.583998,51
1774610618.5855036,85
1774610619.586344,67
1774610620.5870342,10
1774610621.5878103,34
1774610622.5882375,99
1774610623.5899541,80
1774610624.591065,55
1774610625.5916378,44
1774610626.5925424,52
1774610627.5935657,59
1774610628.5938318,44
1774610629.594115,41
1774610630.5943952,14
1774610631.594684,16
1774610632.5993385,22
1774610633.5996258,63
1774610634.5998876,160
1774610635.6006987,29
1774610636.6085255,80
1774610637.6087966,94
1774610638.6090624,71
1774610639.6095998,83
1774610640.6125553,93
1774610641.612853,10
1774610642.613863,78
1774610643.6187527,92
1774610644.6190362,47
1774610645.6193728,24
1774610646.621427,17
1774610647.621748,48
1774610648.621982,72
1774610649.622627,56
1774610650.6234968,83
1774610651.6249652,73
1774610652.626652,83
1774610653.6282895,74
1774610654.6314392,51
1774610655.631767,26
1774610656.6333,51
1774610657.6372123,38
1774610658.6375074,52
1774618407.9266422,32
1774618408.9284358,66
1774618409.9290962,77
1774618410.930112,49
1774618411.930622,42
1774618412.9319944,80
1774618413.9324214,36
1774618414.933008,73
1774618415.9336376,64
1774618416.9342003,22
1774618417.9347975,233
1774618418.9353352,33
1774618419.939032,27
1774618420.9394815,48
1774618421.9399405,49
1774618422.9403555,29
1774618423.9408414,49
1774618424.941335,69
1774618425.9419591,53
1774618426.9424458,75
1774618427.9429605,72
1774618428.9434946,59
1774618429.9487479,60
1774618430.9564238,52
1774618431.9570065,61
1774618432.960091,38
1774618433.9777806,24
1774618434.9782987,61
1774618435.9789183,56
1774618436.9903946,21
1774618437.9924955,59
1774618439.0271907,56
1774618440.0341606,46
1774618441.0404863,65
1774618442.0409706,64
1774618443.0416944,60
1774618444.0421722,31
1774618445.0426958,152
1774618446.046451,24
1774618447.046968,54
1774618448.047498,40
1774618449.0480294,50
1774618450.048541,45
1774618451.0489945,73
1774618452.0494897,21
1774618453.0499935,65
1774618454.050787,31
1774618455.0518472,62
1774618456.0524359,68
1774618457.0530627,27
1774618458.053704,54
1774618459.054282,64
1774618460.0550027,53
1774618461.0556524,75
1774618462.0563128,52
1774618463.0568964,61
1774618464.0581236,44
1774618465.0587313,300
1774618466.0592036,68
1774618467.0597196,74
1774618468.0602198,26
1774618469.0607638,28
1774618470.061271,32
1774618471.0617306,46
1774618472.062164,51
1774618473.0626826,20
1774618474.0634303,24
1774618475.0639658,77
1774618476.064489,45
1774618477.0650058,299
1774618478.065686,28
1774618479.0664227,40
1774618480.0692987,43
1774618481.0698805,75
1774618482.0704353,33
1774618483.0721352,67
1774618484.072628,54
1774618485.073117,30
1774618486.073924,38
1774618487.075534,66
1774618488.0762072,57
1774618489.0767841,68
1774618490.0772812,75
1774618491.077791,22
1774618492.0782347,55
1774618493.0787706,43
1774618494.0817578,78
1774618495.0823276,70
1774618496.0828524,45
1774618497.0833726,61
1774618498.0839164,36
1774618499.0850272,40
1774618500.0855927,40
1774618501.086066,36
1774618502.087378,33
1774618503.0926642,58
1774618504.0986996,62
1774618505.1008458,44
1774618506.1026304,71
1774618507.1031148,43
1774618508.1036239,62
1774618509.1040642,30
1774618510.1046257,51
1774618511.1050973,44
1774618512.1079824,31
1774618513.1085584,57
1774618514.1090453,70
1774618515.1120114,60
1774618516.1125746,58
1774618517.1157334,65
1774618518.1162076,66
1774618519.1167068,39
1774618520.1173205,80
1774618521.1188743,30
1774618522.1193802,27
1774618523.1199281,79
1774618524.1227973,273
1774618525.1233027,63
1774618526.1238992,54
1774618527.1248076,73
1774618528.1255734,26
1774618529.126401,50
1774618530.1271663,26
1774618531.127738,73
1774618532.1281881,80
1774618533.1287313,78
1774618534.1321137,62
1774618535.1329615,69
1774618536.1345496,40
1774618537.1350486,44
1774618538.1356175,61
1774618539.136413,20
1774618540.1371903,43
1774618541.137959,73
1774618542.1386228,47
1774618543.1393867,26
1774618544.139857,64
1774618545.1405566,74
1774618546.141215,63
1774618547.1418824,40
1774618548.1426232,78
1774618549.143186,53
1774618550.1437001,47
1774618551.1450012,34
1774618552.145821,28
1774618573.7390952,75
1774618574.7400703,25
1774618575.7407002,68
1774618576.7412324,49
1774618577.741704,74
1774618578.7420998,269
1774618579.742696,20
1774618580.7432349,58
1774618581.743752,267
1774618582.744995,37
1774618583.7467256,26
1774618584.7472305,30
1774618585.7500618,77
1774618586.7519376,45
1774618587.754778,20
1774618588.7552748,23
1774618589.7565906,30
1774618590.7571762,36
1774618591.7577324,80
1774618592.7585733,33
1774618593.7593086,42
1774618594.7713447,60
1774618595.7740612,69
1774618596.7757654,23
1774618597.7769876,26
1774618598.7790668,62
1774618599.779726,207
1774618600.7802148,76
1774618601.780705,54
1774618602.7811475,58
1774618603.7822118,60
1774618604.7829273,31
1774618605.7837331,68
1774618606.786769,60
1774618607.7876205,55
1774618608.7883022,31
1774618609.7888699,76
1774618610.7899704,60
1774618611.7907853,40
1774618612.7911825,67
1774618613.7917302,76
1774618614.7922308,54
1774618615.7927632,66
1774618616.7932684,41
1774618617.7937214,49
1774618618.7941906,72
1774618619.794697,37
1774618620.795391,74
1774618621.79593,32
1774618622.7965717,78
1774618623.7981436,34
1774618624.7986524,48
1774618625.7991245,51
1774618626.7996368,57
1774618627.8001008,24
1774618628.8005838,29
1774618629.8010676,40
1774618630.8047864,65
1774618631.8052702,67
1774618632.8057969,45
1774618633.8071628,25
1774618634.8117666,53
1774618635.8122656,58
1774618636.8128612,39
1774618637.8138125,64
1774618638.8143744,38
1774618639.8149276,24
1774618640.815421,71
1774618641.8169942,35
1774618642.822081,25
1774618643.8236358,47
1774618644.824114,74
1774618645.8246105,45
1774618646.8250654,59
1774618647.8255002,23
1774618648.82594,56
1774618649.8264954,68
1774618650.826963,42
1774618651.8274937,32
1774618652.8280745,49
1774618653.8285818,69
1774618654.8289924,45
1774618655.8294518,52
1774618656.83006,64
1774618657.830599,25
1774618658.8310058,34
1774618659.832093,41
1774618660.832545,55
1774618661.8330517,45
1774618662.8339238,43
1774618663.8348503,47
1774618664.8353205,26
1774618665.836076,27
1774618666.8365762,35
1774618667.837887,43
1774618668.839043,34
1774618669.840249,42
1774618670.8426392,38
1774618671.84308,22
1774618672.8438606,52
1774618673.844713,41
1774618674.8488817,77
1774618675.8493867,65
1774618676.853753,61
1774618677.854237,50
1774618678.855583,51
1774618679.8560398,77
1774618680.856902,68
1774618681.857372,45
1774618682.8578625,46
1774618683.8583202,42
1774618684.8592312,76
1774618685.8609352,45
1774618686.862817,47
1774618687.8642936,47
1774618688.8651092,44
1774618689.865692,78
1774618690.866216,21
1774618691.8666878,76
1774618692.8672552,52
1774618693.8679898,80
1774618694.8684855,22
1774618695.8689792,58
1774618696.870143,26
1774618697.8726208,52
1774618698.8747852,272
1774618699.8769407,73
1774618700.877502,49
1774618701.878145,59
1774618702.8787727,38
1774618703.8792439,56
1774618704.8806775,64
1774618705.8811646,77
1774618706.8816833,61
1774618707.8822513,49
1774618708.8829193,73
1774618709.885774,71
1774618710.8862534,60
1774618711.8867655,26
1774618712.8872647,73
1774618713.887755,72
1774618714.8883471,74
1774618715.888921,36
1774618716.8894064,28
1774618717.8907392,66
1774618718.891194,60
1774618719.8933158,34
1774618720.8949144,50
1774618721.8961003,52
1774618722.8969688,60
1774618723.8975255,29
1774618724.8980262,56
1774618725.898507,55
1774618726.9016645,26
1774618727.9028203,48
1774618728.9057302,52
1774618729.9061792,30
1774618730.9067285,31
1774618731.907214,79
1774618732.907744,66
1774618733.9082217,62
1774618734.9087205,80
1774618735.9092152,60
1774618736.9102325,69
1774618737.9117696,55
1774618738.9122558,37
1774618739.9131548,186
1774618740.9147959,32
1774618741.915268,60
1774618742.9217553,53
1774618743.9223952,45
1774618744.9228985,35
1774618745.9247189,65
1774618746.9253566,23
1774618747.9290822,39
1774618748.9296918,156
1774618749.9309344,63
1774618750.9314048,45
1774618751.9319336,28
1774618752.9340203,38
1774618753.9347823,276
1774618754.9357657,72
1774618755.9362369,26
1774618756.9367075,34
1774618757.9378057,79
1774618758.9382882,58
1774618759.9387782,60
1774618760.9392066,26
1774618761.939989,32
1774618762.9425392,35
1774618763.9430578,33
1774618764.943588,48
1774618765.9440587,28
1774618766.9445717,47
1774618767.9450135,38
1774618768.9455054,46
1774618769.9459863,77
1774618770.9465003,36
1774618771.9469543,80
1774618772.9499576,67
1774618773.9505382,55
1774618774.9510481,49
1774618775.9542253,51
1774618776.954832,34
1774618777.9553308,28
1774618778.9561968,52
1774618779.9567869,74
1774618780.9601028,31
1774618781.960879,74
1774618782.9613414,28
1774618783.9623237,57
1774618784.9632068,37
1774618785.9637334,42
1774618786.964274,37
1774618787.9647639,27
1774618788.9652543,78
1774618789.9657474,47
1774618790.9662197,46
1774618791.9667041,49
1774618792.967182,59
1774618793.9680243,27
1774618794.968562,46
1774618795.9690468,25
1774618796.9695444,36
1774618797.970763,61
1774618798.9715307,39
1774618799.9779375,80
1774618800.9803169,231
1774618801.9808066,64
1774618802.9813645,57
1774618803.9818907,159
1774618804.9824073,30
1774618805.982926,29
1774618806.9833906,33
1774618807.9838967,57
1774618808.9845207,55
1774618809.9850285,54
1774618810.9860017,75
1774618811.986667,47
1774618812.987881,69
1774618813.9897583,62
1774618814.9926517,75
1774618815.9931772,76
1774618816.9952974,68
1774618817.9957635,27
1774618818.9962888,21
1774618819.9988198,54
1774618820.9993138,21
1774618822.0019474,34
1774618823.0024254,20
1774618824.0038218,26
1774618825.0043015,31
1774618826.0055716,29
1774618827.0060554,57
1774618828.006599,57
1774618829.0086231,50
1774618830.0092232,44
1774618831.009755,40
1774618832.01025,78
1774618833.0117161,70
1774618834.0130582,73
1774618835.0136836,150
1774618836.0141726,79
1774618837.0146453,260
1774618838.0151076,28
1774618839.0168426,22
1774618840.0173814,37
1774618841.0179422,49
1774618842.0184474,39
1774618843.0190737,35
1774618844.019773,53
1774618845.0203001,73
1774618846.0208066,56
1774618847.0213022,38
1774618848.0217843,37
1774618849.0242007,229
1774618850.024729,52
1774618851.0252137,58
1774618852.0256734,72
1774618853.0261116,47
1774618854.0266347,30
1774618855.0271268,61
1774618856.0277438,77
1774618857.0289934,54
1774618858.0423708,29
1774618859.0450149,38
1774618860.0487492,24
1774618861.049651,57
1774618862.0513182,65
1774618863.05399,175
1774618864.0544891,57
1774618865.055021,35
1774618866.0663977,74
1774618867.070534,70
1774618868.071407,220
1774618869.0751908,63
1774618870.0761776,56
1774618871.100316,72
1774618872.101127,43
1774618873.1017976,54
1774618874.1034186,40
1774618875.108809,73
1774618876.1256266,68
1774618877.1432362,58
1774618878.151034,50
1774618879.1560092,43
1774618880.1607468,62
1774618881.162995,20
1774618882.1646302,59
1774618883.1697035,70
1774618884.1788168,60
1774618885.1796975,56
1774618886.1927032,62
1774618887.1960423,36
1774618888.201166,42
1774618889.2169778,31
1774618890.2186625,36
1774618891.2215426,206
1774618892.2265527,51
1774618893.2327006,37
1774618894.2344406,71
1774618895.2352655,73
1774618896.237746,216
1774618897.2381923,48
1774618898.238688,73
1774618899.2467074,54
1774618900.2498164,54
1774618901.251388,51
1774618902.2552974,39
1774618903.2567458,52
1774618904.2587497,70
1774618905.2598338,78
1774618906.2670658,216
1774618907.27042,53
1774618908.2737956,79
1774618909.2747252,72
1774618910.2797658,41
1774618911.2808356,178
1774618912.2837405,41
1774618913.2842727,76
1774618914.284765,65
1774618915.2867434,39
1774618916.287208,36
1774618917.2877698,25
1774618918.2897563,59
1774618919.2906008,50
1774618920.2926848,34
1774618921.294624,24
1774618922.2951238,31
1774618923.2989392,44
1774618924.3008451,79
1774618925.3134336,64
1774618926.317614,71
1774618927.3217518,32
1774618928.322207,33
1774618929.3227122,28
1774618930.3239038,243
1774618931.327521,73
1774618932.329758,56
1774618933.3307064,62
1774618934.3323255,48
1774618935.333749,46
1774618936.3342881,69
1774618937.339998,71
1774618938.3447833,80
1774618939.3453002,49
1774618940.3468506,21
1774618941.3473377,75
1774618942.3520818,48
1774618943.3525991,47
1774618944.3557527,26
1774618945.3562112,40
1774618946.373346,46
1774618947.3827648,80
1774618948.3881836,55
1774618949.3892305,68
1774618950.3897567,46
1774618951.3994267,222
1774618952.3999207,48
1774618953.4037576,30
1774618954.404223,50
1774618955.4087799,63
1774618956.4117563,77
1774618957.4122214,38
1774618958.413492,59
1774618959.4167542,72
1774618960.4185297,67
1774618961.419043,62
1774618962.4230368,61
1774618963.423747,47
1774618964.4287221,55
1774618965.4301183,69
1774618966.4337459,67
1774618967.4368038,27
1774618968.4373379,55
1774618969.4384968,30
1774618970.44177,25
1774618971.4467793,70
1774618972.4472508,74
1774618973.447968,31
1774618974.4485652,44
1774618975.4490597,43
1774618976.4516568,45
1774618977.455707,56
1774618978.4581947,67
1774618979.4597995,73
1774618980.4612732,33
1774618981.467756,34
1774618982.4728444,26
1774618983.4757926,55
1774618984.4762692,27
1774618985.4767365,77
1774618986.4776306,30
1774618987.478087,45
1774618988.479796,24
1774618989.484451,47
1774618990.4887698,75
1774618991.4896789,73
1774618992.4930415,233
1774618993.4937515,80
1774618994.495657,44
1774618995.4973378,68
1774618996.4978092,59
1774618997.501046,64
1774618998.5015063,54
1774618999.5025437,29
1774619000.5087163,75
1774619001.5102954,49
1774619002.5107484,44
1774619003.5112257,39
1774619004.5117087,52
1774619005.512172,42
1774619006.5127575,31
1774619007.5177367,39
1774619008.5181959,20
1774619009.5186834,38
1774619010.5191607,41
1774619011.519749,45
1774619012.5203016,68
1774619013.5217917,224
1774619014.5229442,36
1774619015.5246084,69
1774619016.5287545,39
1774619017.5292392,48
1774619018.5318134,41
1774619019.5323355,68
1774619020.5355315,60
1774619021.5360353,228
1774619022.5365143,38
1774619023.5369759,53
1774619024.5380516,37
1774619025.5412169,153
1774619026.5416915,68
1774619027.542176,57
1774619028.5426226,22
1774619029.543076,71
1774619030.545792,22
1774619031.5462763,58
1774619032.5487666,67
1774619206.575605,196
1774619207.5778563,49
1774619208.5822647,32
1774619209.5827246,29
1774619210.585018,33
1774619211.5856266,63
1774619212.5860798,36
1774619213.5888832,32
1774619214.592978,78
1774619215.5934386,60
1774619216.5967119,38
1774619217.5971832,57
1774619218.5979593,45
1774619219.6109262,33
1774619220.611661,44
1774619221.612129,69
1774619222.617302,161
1774619223.6177633,73
1774619224.619258,74
1774619225.6197355,71
1774619226.6247418,68
1774619227.6252131,31
1774619228.6257753,64
1774619229.6308098,78
1774619230.6312568,61
1774619231.6379032,71
1774619232.6384163,25
1774619233.6389172,33
1774619234.6398413,237
1774619235.640297,32
1774619236.640742,31
1774619237.6412072,54
1774619238.6457675,55
1774619239.6507916,53
1774619240.65574,23
1774619241.6587417,58
1774619242.6635737,224
1774619243.6687562,67
1774619244.6698055,78
1774619245.67189,33
1774619246.6808991,77
1774619247.6837626,68
1774619248.6842291,28
1774619249.6849232,60
1774619250.6853714,50
1774619251.6859014,80
1774619252.687941,33
1774619253.6884434,32
1774619254.6897361,48
1774619255.690728,56
1774619256.6923976,57
1774619257.6928985,54
1774619258.694606,29
1774619259.6951308,25
1774619260.6968853,75
1774619261.6987362,51
1774619262.7011707,40
1774619263.7058482,61
1774619264.7102022,63
1774619265.7107916,275
1774619266.7127066,49
1774619267.7167265,29
1774619268.720276,49
1774619269.724341,29
1774619270.7253602,35
1774619271.726294,35
1774619272.7267432,159
1774619273.7299905,35
1774619274.7306383,27
1774619275.731105,29
1774619276.7317317,56
1774619277.7321982,37
1774619278.7327127,80
1774619279.7331703,50
1774619280.7338042,57
1774619281.734414,66
1774619282.7351274,30
1774619283.7356172,77
1774619284.7373433,32
1774619285.737825,34
1774619286.738315,56
1774619287.740087,53
1774619288.7405932,75
1774619289.7430248,34
1774619290.7435434,35
1774619291.7440114,51
1774619292.7445645,33
1774619293.7450666,30
1774619294.7455685,27
1774619295.74698,22
1774619296.7475257,75
1774619297.754684,73
1774619298.7553818,33
1774619299.7590368,40
1774619300.762356,22
1774619301.7629094,37
1774619302.7637944,46
1774619303.7648919,75
1774619304.7678392,178
1774619305.7710547,62
1774619306.7756119,36
1774619307.7762246,71
1774619308.7798665,63
1774619309.7810152,51
1774619310.7823298,44
1774619311.78693,64
1774619312.7874355,26
1774619313.7880044,52
1774619314.7902992,58
1774619315.7912602,39
1774619316.7932832,75
1774619317.7947495,280
1774619318.7963645,33
1774619319.7998512,29
1774619320.8003216,53
1774619321.8009486,58
1774619322.803398,171
1774619323.8068883,51
1774619324.8112097,47
1774619325.8126798,29
1774619326.8132074,79
1774619327.8169322,29
1774619328.817943,56
1774619329.8227897,61
1774619330.8233087,71
1774619331.8238041,262
1774619332.8256161,38
1774619333.8266578,77
1774619334.8273547,44
1774619335.834875,25
1774619336.8353677,49
1774619337.8366666,67
1774619338.8380105,54
1774619339.838527,24
1774619340.839167,28
1774619341.8419366,57
1774619342.8457642,27
1774619343.8463898,30
1774619344.8469114,67
1774619345.8522105,49
1774619346.8537607,53
1774619347.8557577,25
1774619348.856269,22
1774619349.8580186,77
1774619350.8711307,36
1774619351.8731065,66
1774619352.8736155,39
1774619353.8757946,37
1774619354.883171,56
1774619355.886856,55
1774619356.8873658,63
1774619357.8894827,51
1774619358.8972552,22
1774619359.897796,61
1774619360.8982868,30
1774619361.900049,41
1774619362.9006255,43
1774619363.9026177,54
1774619364.9043071,288
1774619365.9059947,69
1774619366.917351,73
1774619367.91787,77
1774619368.918381,50
1774619369.9215631,23
1774619370.9277446,25
1774619371.9309926,20
1774619372.941546,39
1774619373.9449484,24
1774619374.9468052,28
1774619375.949528,32
1774619376.9532871,78
1774619377.953835,281
1774619378.955697,31
1774619379.957573,44
1774619380.9580345,32
1774619381.958517,65
1774619382.9590218,22
1774619383.959765,49
1774619384.960268,37
1774619385.9608243,42
1774619386.961298,34
1774619387.9617274,62
1774619388.962186,71
1774619389.9626565,78
1774619390.9631448,62
1774619391.9636226,31
1774619392.964334,67
1774619393.9649153,76
1774619394.9655826,248
1774619395.9674408,72
1774619396.9679298,40
1774619397.9691713,59
1774619398.97254,59
1774619399.9730957,56
1774619400.9735956,66
1774619401.977869,57
1774619402.978368,76
1774619403.9798052,55
1774619404.9805763,28
1774619405.982113,54
1774619406.9845808,73
1774619407.9865913,67
1774619408.9870713,56
1774619409.9875536,32
1774619410.9907806,72
1774619411.9920514,56
1774619412.9925585,34
1774619413.993032,50
1774619414.993582,38
1774619415.9941666,60
1774619416.994707,63
1774619417.9963305,43
1774619418.9968119,34
1774619419.9972382,26
1774619420.9989252,171
1774619421.9995685,73
1774619423.0001762,34
1774619424.0017676,48
1774619425.0022836,30
1774619426.0034983,34
1774619427.0039816,48
1774619428.0045135,46
1774619429.010949,76
1774619430.0126295,69
1774619431.0142713,27
1774619432.0165977,32
1774619433.0190454,75
1774619434.0238297,45
1774619435.0243397,229
1774619436.0251753,36
1774619437.0263345,58
1774619438.026901,78
1774619439.0287716,30
1774619440.029335,65
1774619441.0320897,55
1774619442.036938,45
1774619443.0374825,61
1774619444.038639,79
1774619445.0391343,34
1774619446.0452492,45
1774619447.048807,73
1774619448.0541809,73
1774619449.0548995,71
1774619450.0566585,43
1774619451.058325,79
1774619452.0603943,60
1774619453.0621302,31
1774619454.0657654,52
1774619455.0663342,60
1774619456.0703187,174
1774619457.0746393,39
1774619458.0767076,67
1774619459.0780907,32
1774619460.079089,51
1774619461.0796316,62
1774619462.0801647,21
1774619463.0806596,34
1774619464.0811584,31
1774619465.0828116,171
1774619466.0850966,34
1774619467.0857522,68
1774619468.0871062,153
1774619469.0876274,56
1774619470.0881517,38
1774619471.088746,65
1774619472.0892968,74
1774619473.0897892,30
1774619474.090333,37
1774619475.0912046,51
1774619476.091694,262
1774619477.0922544,50
1774619478.0936441,67
1774619479.0987983,52
1774619480.0993445,38
1774619481.1000001,35
1774619482.1006534,56
1774619483.1011195,240
1774619484.1067543,32
1774619485.1072567,44
1774619486.1077778,35
1774619487.108225,54
1774619488.1087365,47
1774619489.1094046,256
1774619490.1101108,28
1774619491.1105716,73
1774619492.1111016,34
1774619493.1116712,56
1774619494.1123827,76
1774619495.1128821,30
1774619496.1136477,60
1774619497.1141555,31
1774619498.114637,47
1774619499.1152048,25
1774619500.1157486,42
1774619501.1161895,69
1774619502.1168034,34
1774619503.120808,67
1774619504.1216135,51
1774619505.1221163,72
1774619506.1225774,77
1774619507.1231887,47
1774619508.1237922,72
1774619509.1242514,44
1774619510.1247509,57
1774619511.1268504,60
1774619512.1284425,64
1774619513.1309104,60
1774619514.1318517,34
1774619515.1338277,70
1774619516.1353045,67
1774619517.1365767,77
1774619518.137112,29
1774619519.1389718,56
1774619520.143444,61
1774619521.1467178,79
1774619522.1485136,72
1774619523.1490366,67
1774619524.1495593,70
1774619525.150062,46
1774619526.1508734,41
1774619527.1535246,26
1774619528.1540337,59
1774619529.1548123,67
1774619530.1563487,59
1774619531.157329,79
1774619532.1582088,39
1774619533.1595576,36
1774619534.1624877,42
1774619535.1630704,45
1774619536.1636822,51
1774619537.1644127,50
1774619538.1652687,61
1774619539.165807,31
1774619540.1662805,59
1774619541.1668584,66
1774619542.167336,23
1774619543.1677885,21
1774619544.168294,62
1774619545.1687632,78
1774619546.1692266,56
1774619547.1723003,73
1774619548.1729205,31
1774619549.1746733,60
1774619550.177842,32
1774619551.1797786,31
1774619552.1806335,40
1774619553.182919,67
1774619554.1868126,40
1774619555.1873324,72
1774619556.1889775,42
1774619557.1907184,53
1774619558.191542,52
1774619559.1919904,24
1774619560.1927285,20
1774619561.1932027,54
1774619562.194091,72
1774619563.1969595,68
1774619564.1977823,20
1774619565.2008958,32
1774619566.2016144,61
1774619567.2024446,28
1774619568.2041411,47
1774619569.2046742,62
1774619570.205222,50
1774619571.205988,77
1774619572.206914,59
1774619573.2074435,37
1774619574.2079933,70
1774619575.2084405,214
1774619576.2090619,66
1774619577.2097661,76
1774619578.2102587,62
1774619579.2107723,31
1774619580.211298,70
1774619581.211763,65
1774619582.2122717,180
1774619583.213358,35
1774619584.213931,37
1774619585.2144327,76
1774619586.2158709,69
1774619587.2163296,56
1774619588.2187502,42
1774619589.219894,62
1774619590.2207637,78
1774619591.2212973,57
1774619592.2217376,27
1774619593.2221599,71
1774619594.2231038,75
1774619595.2237573,77
1774619596.2266378,21
1774619597.2285385,35
1774619598.229131,51
1774619599.22965,34
1774619600.2301514,29
1774619601.2308223,48
1774619602.231548,156
1774619603.232053,47
1774619604.232524,70
1774619605.2330992,252
1774619606.233624,21
1774619607.2340891,24
1774619608.2346935,26
1774619609.2351992,70
1774619610.2420123,271
1774619611.2425425,52
1774619612.2431967,47
1774619613.243789,47
1774619614.244312,31
1774619615.2450604,63
1774619616.2457747,30
1774619617.246325,20
1774619618.2472115,34
1774619619.247761,70
1774619620.2482898,53
1774619621.2487683,38
1774619622.2492318,37
1774619623.2497284,48
1774619624.2501793,80
1774619625.2506356,80
1774619626.2510715,41
1774619627.2515664,33
1774619628.2521067,47
1774619629.2528577,47
1774619630.2536702,69
1774619631.2542417,50
1774619632.254753,65
1774619633.2552993,58
1774619634.2557557,29
1774619635.2561991,76
1774619636.256857,67
1774619637.2574055,53
1774619638.2579775,34
1774619639.2585337,68
1774619640.259023,28
1774619641.2595308,21
1774619642.2600238,42
1774619643.2605298,38
1774619644.2613122,78
1774619645.2620544,32
1774619646.262643,48
1774619647.263109,72
1774619648.263606,52
1774619649.2640207,44
1774619650.2657635,43
1774619651.2662592,79
1774619652.2669108,59
1774619653.267538,64
1774619654.268126,53
1774619655.2688155,28
1774619656.2693849,59
1774619657.2698724,27
1774619658.2706077,42
1774619659.2767427,64
1774619660.277208,77
1774619661.2793067,34
1774619662.2798092,67
1774619663.2808793,53
1774619664.281608,53
1774619665.2822526,25
1774619666.2827659,22
1774619667.2833452,20
1774619668.284794,67
1774619669.2853203,38
1774619670.2861414,50
1774619671.2866645,68
1774619672.2871985,78
1774619673.2877226,33
1774619674.288284,72
1774619675.2888126,68
1774619676.2894132,22
1774619677.2907715,32
1774619678.2912607,58
1774619679.291775,55
1774619680.2923265,30
1774619681.2934065,68
1774619682.2939804,80
1774619683.2949488,77
1774619684.2955065,29
1774619685.2969334,36
1774619686.2981625,212
1774619687.2987823,20
1774619688.2993016,33
1774619689.3002563,50
1774619690.3008208,34
1774619691.3013487,37
1774619692.301927,37
1774619693.3023899,70
1774619694.302959,20
1774619695.3040686,44
1774619696.3045578,56
1774619697.3057806,42
1774619698.3062172,59
1774619699.3069258,44
1774619700.3076098,70
1774619701.3081615,219
1774619702.3091328,56
1774619703.310316,25
1774619704.3107655,51
1774619705.3120964,31
1774619706.3126788,48
1774619707.3131611,73
1774619708.313661,59
1774619709.3142476,46
1774619710.3147173,29
1774619711.3161564,73
1774619712.3166394,208
1774619713.3173075,31
1774619714.3179703,59
1774619715.3190231,27
1774619716.319702,70
1774619717.3202329,64
1774619718.320758,59
1774619719.321271,21
1774619720.3218029,45
1774619721.3223784,50
1774619722.3229153,77
1774619723.3235118,42
1774619724.3241081,40
1774619725.3246877,73
1774619726.3251717,55
1774619727.3257053,75
1774619728.326192,21
1774619729.3266752,63
1774619730.3271651,49
1774619731.327665,24
1774619732.3287475,71
1774619733.3314226,54
1774619734.3319304,37
1774619735.33239,39
1774619736.3329194,76
1774619737.3335102,53
1774619738.3340466,30
1774619739.335522,65
1774619740.3359878,21
1774619741.3368282,44
1774619742.337558,27
1774619743.3381374,159
1774619744.338658,54
1774619745.339182,64
1774619746.339766,22
1774619747.3410301,30
1774619748.3417113,32
1774619749.3422961,47
1774619750.342794,50
1774619751.3434231,55
1774619752.3440824,43
1774619753.3445876,52
1774619754.3450642,42
1774619755.3455846,207
1774619756.3460696,79
1774619757.3466957,45
1774619758.3472471,23
1774619759.3497784,40
1774619760.352037,43
1774619761.3534448,64
1774619762.355773,62
1774619763.356273,41
1774619764.3576717,71
1774619765.3581789,42
1774619766.3588297,25
1774619767.3593698,53
1774619768.3603354,62
1774619769.3611283,49
1774619770.3848555,21
1774619771.3862216,76
1774619772.3878894,26
1774619773.3883753,24
1774619774.3889413,30
1774619775.3900936,78
1774619776.3906162,64
1774619777.3912592,44
1774619778.3948922,64
1774619779.397063,219
1774619780.3981297,173
1774619781.3986385,29
1774619782.3996081,69
1774619783.4001172,22
1774619784.401074,47
1774619785.4016392,66
1774619786.4059606,288
1774619787.406484,79
1774619788.4069643,71
1774619789.4074838,49
1774619790.4096537,76
1774619791.4107952,22
1774619792.415737,64
1774619793.4168382,44
1774619794.4200685,25
1774619795.4218843,36
1774619796.423293,41
1774619797.4237912,55
1774619798.4260004,29
1774619799.42835,31
1774619800.431551,224
1774619801.4320729,30
1774619802.4328687,76
1774619803.43508,77
1774619804.4417634,22
1774619805.4422672,44
1774619806.442769,55
1774619807.4439049,23
1774619808.447362,73
1774619809.4484963,21
1774619810.4493666,59
1774619811.4498596,60
1774619812.4666655,77
1774619813.4970088,32
1774619814.4977524,29
1774619815.5016224,280
1774619816.5031135,73
1774619817.5036614,50
1774619818.5059118,75
1774619819.506442,52
1774619820.5089612,80
1774619821.509533,60
1774619822.510759,52
1774619823.5119061,40
1774619824.5125294,179
1774619825.5149004,50
1774619826.5176184,69
1774619827.5200741,64
1774619828.5233507,61
1774619829.5241551,67
1774619830.5255606,41
1774619831.5260766,269
1774619832.5265706,169
1774619833.527011,45
1774619834.5287633,45
1774619835.5306926,77
1774619836.5315785,63
1774619837.5360024,32
1774619838.5397823,54
1774619839.5402987,38
1774619840.542861,68
1774619841.5435195,39
1774619842.5444076,72
1774619843.545015,25
1774619844.5455177,61
1774619845.5460103,30
1774619846.5487835,58
1774619847.549394,69
1774619848.5502863,79
1774619849.5525124,51
1774619850.5569105,22
1774619851.5578222,40
1774619852.559352,28
1774619853.56007,59
1774619854.5622478,65
1774619855.5631514,58
1774619856.5661023,77
1774619857.5679066,54
1774619858.568679,32
1774619859.5693903,42
1774619860.574613,29
1774619861.5763829,61
1774619862.5797043,40
1774619863.5839276,27
1774619864.5876029,24
1774619865.589146,80
1774619866.5905244,25
1774619867.5910938,80
1774619868.5922973,80
1774619869.5947359,80
1774619870.5990663,68
1774619871.6027753,74
1774619872.6088562,210
1774619873.611149,20
1774619874.6142979,54
1774619875.6151614,73
1774619876.6225805,55
1774619877.62603,35
1774619878.6273913,40
1774619879.628081,64
1774619880.6302972,21
1774619881.6320257,51
1774619882.6339474,34
1774619883.635203,78
1774619884.6395698,38
1774619885.6411972,29
1774619886.6420937,67
1774619887.6425762,200
1774619888.6466432,44
1774619889.6487954,54
1774619890.650342,43
1774619891.6516066,32
1774619892.653382,37
1774619893.65517,57
1774619894.6592054,35
1774619895.6600215,51
1774619896.6607006,24
1774619897.661325,45
1774619898.6619601,36
1774619899.6624374,32
1774619900.6629636,71
1774619901.6650043,21
1774619902.6675608,63
1774619903.670788,29
1774619904.6737828,44
1774619905.6769447,25
1774619906.6776083,49
1774619907.6781955,53
1774619908.6786602,27
1774619909.6791093,20
1774619910.6796894,47
1774619911.6802216,47
1774619912.6807091,53
1774619913.6811752,25
1774619914.6816633,263
1774619915.6821475,30
1774619916.682681,51
1774619917.6832821,57
1774619918.6847882,58
1774619919.6852396,44
1774619920.6857643,67
1774619921.6862707,30
1774619922.6867821,31
1774619923.6873136,41
1774619924.6879728,77
1774619925.6892507,49
1774619926.6898012,56
1774619927.6903887,70
1774619928.690992,40
1774619929.6915603,41
1774619930.6922216,59
1774619931.6929064,34
1774619932.6934035,34
1774619933.6938863,74
1774619934.6944516,45
1774619935.6949317,44
1774619936.6954029,40
1774619937.697023,26
1774619938.6980925,54
1774619939.7019453,77
1774619940.7025595,76
1774619941.7037132,56
1774619942.7056441,25
1774619943.7062876,55
1774619944.7081416,54
1774619945.7101867,71
1774619946.711045,49
1774619947.711607,70
1774619948.712227,31
1774619949.712745,49
1774619950.7135997,30
1774619951.7142267,22
1774619952.7179992,76
1774619953.7185452,22
1774619954.7192721,45
1774619955.7201853,54
1774619956.7207065,38
1774619957.7211533,57
1774619958.7216635,40
1774619959.7228885,52
1774619960.7233481,51
1774619961.7239132,78
1774619962.724551,60
1774619963.7250657,48
1774619964.7255807,23
1774619965.7261832,49
1774619966.726741,44
1774619967.729742,35
1774619968.7303154,33
1774619969.7309315,54
1774619970.7313623,37
1774619971.7318676,32
1774619972.732411,44
1774619973.7332628,35
1774619974.7337248,20
1774619975.7342584,48
1774619976.734901,59
1774619977.735401,24
1774619978.7359946,65
1774619979.736641,44
1774619980.7371557,45
1774619981.737636,62
1774619982.7382534,53
1774619983.7389367,39
1774619984.7393856,61
1774619985.7398844,262
1774619986.7405322,78
1774619987.7411444,48
1774619988.7417347,62
1774619989.7423532,80
1774619990.7429082,55
1774619991.7433734,65
1774619992.744128,57
1774619993.744819,30
1774619994.7453144,25
1774619995.7458687,73
1774619996.748427,195
1774619997.748889,21
1774619998.749541,27
1774619999.7501154,44
1774620000.7507336,56
1774620001.7511895,65
1774620002.7518482,240
1774620003.7526512,231
1774620004.753084,36
1774620005.7535663,51
1774620006.7542312,49
1774620007.7548687,51
1774620008.7553363,32
1774620009.755934,28
1774620010.7566524,50
1774620011.7588992,230
1774620012.759405,211
1774620013.760024,73
1774620014.7628744,28
1774620015.7647307,66
1774620016.7652354,29
1774620017.7666614,76
1774620018.7675762,29
1774620019.7698808,51
1774620020.7763524,30
1774620021.7772305,53
1774620022.7788823,67
1774620023.780569,39
1774620024.7824087,65
1774620025.7859118,37
1774620026.792977,62
1774620027.7958844,28
1774620028.8000019,22
1774620029.8008115,72
1774620030.8016324,47
1774620031.8023047,74
1774620032.8050447,45
1774620033.8057659,20
1774620034.8079515,46
1774620035.8104057,60
1774620036.8138611,60
1774620037.8162384,41
1774620038.8208122,51
1774620039.8224494,67
1774620040.8303342,66
1774620041.8317246,25
1774620042.837717,54
1774620043.8383744,231
1774620044.839782,80
1774620045.8412807,271
1774620046.8421907,73
1774620047.8432143,61
1774620048.8483233,32
1774620049.853507,61
1774620050.8567984,231
1774620051.8574362,34
1774620052.8602028,32
1774620053.861018,31
1774620054.8616972,28
1774620055.8626478,56
1774620056.865878,31
1774620057.8666952,74
1774620058.8676944,40
1774620059.8709846,80
1774620060.872777,25
1774620061.874631,62
1774620062.876441,78
1774620063.878319,38
1774620064.8822,51
1774620065.8847878,63
1774620066.8853714,55
1774620067.886983,22
1774620068.8877838,29
1774620069.8886104,24
1774620070.8925157,78
1774620071.8939412,42
1774620072.901293,154
1774620073.903975,64
1774620074.905729,52
1774620075.9075599,48
1774620076.9107804,41
1774620077.9113142,21
1774620078.9120138,70
1774620079.9125557,47
1774620080.9132109,71
1774620081.913732,46
1774620082.91421,44
1774620083.9147744,163
1774620084.91556,38
1774620085.9159799,45
1774620086.916478,25
1774620087.9169946,79
1774620088.918749,57
1774620089.9191954,53
1774620090.9196622,51
1774620091.920126,50
1774620092.9206183,57
1774620093.9211128,51
1774620094.9216702,79
1774620095.922139,80
1774620096.9227366,77
1774620097.9232194,76
1774620098.9240284,24
1774620099.9245474,48
1774620100.9251306,168
1774620101.9256966,63
1774620102.9261775,33
1774620103.926743,27
1774620104.9271758,61
1774620105.9280868,32
1774620106.9285636,20
1774620107.929059,73
1774620108.9295516,39
1774620109.93003,27
1774620110.9305935,268
1774620111.9311087,67
1774620112.93163,21
1774620113.9321475,35
1774620114.9326594,75
1774620115.9333205,42
1774620116.9364023,31
1774620117.9369354,65
1774620118.9375744,70
1774620119.9380372,73
1774620120.9385474,29
1774620121.9389677,39
1774620122.9394097,31
1774620123.9414012,71
1774620124.9419577,35
1774620125.942513,49
1774620126.9431899,32
1774620127.9437435,54
1774620128.9442294,65
1774620129.9448903,58
1774620130.9455538,41
1774620131.9460697,57
1774620132.9468663,26
1774620133.9475434,58
1774620134.9480152,66
1774620135.9485083,39
1774620136.948976,50
1774620137.9500482,33
1774620138.9515102,63
1774620139.9520357,78
1774620140.952785,69
1774620141.9534802,31
1774620142.9539185,39
1774620143.954335,218
1774620144.954747,27
1774620145.9552863,45
1774620146.955725,38
1774620147.9563313,41
1774620148.9567354,49
1774620149.9572105,260
1774620150.9577823,66
1774620151.9583774,79
1774620152.9589722,42
1774620153.9594514,76
1774620154.9599898,68
1774620155.9605038,74
1774620156.9610167,38
1774620157.961625,47
1774620158.9623723,48
1774620159.9630194,48
1774620160.9634955,40
1774620161.9639626,45
1774620162.9645288,74
1774620163.9672105,80
1774620164.9677768,22
1774620165.9684362,60
1774620166.9692388,47
1774620167.969715,26
1774620168.9702232,25
1774620169.9707513,66
1774620170.9712968,38
1774620171.972188,58
1774620172.9726808,76
1774620173.9732091,51
1774620174.973691,39
1774620175.9741764,25
1774620176.9751413,66
1774620177.9756813,75
1774620178.977793,64
1774620179.978357,48
1774620180.9792905,30
1774620181.9800148,79
1774620182.9806674,24
1774620183.9812922,70
1774620184.9817665,51
1774620185.9822776,22
1774620186.9827638,26
1774620187.9832652,61
1774620188.9837685,78
1774620189.9846056,225
1774620190.986573,69
1774620191.9884129,70
1774620192.988941,31
1774620193.9896643,45
1774620194.9904335,39
1774620195.9911194,53
1774620196.9918633,75
1774620197.992376,72
1774620198.9928982,64
1774620199.9957516,58
1774620200.9962308,79
1774620201.9972286,78
1774620202.9989622,73
1774620203.9994068,43
1774620205.0027606,68
1774620206.0032527,242
1774620207.005193,50
1774620208.0059648,70
1774620209.0089154,237
1774620210.0119517,67
1774620211.0128236,167
1774620212.0133386,59
1774620213.0159066,34
1774620214.0163991,33
1774620215.0169919,61
1774620216.0183427,26
1774620217.0207615,55
1774620218.0247798,58
1774620219.0252767,80
1774620220.0267375,51
1774620221.029932,67
1774620222.030433,77
1774620223.034708,39
1774620224.0352082,59
1774620225.035834,26
1774620226.0372484,29
1774620227.0378137,26
1774620228.038348,51
1774620229.038903,79
1774620230.0394328,35
1774620231.0420268,61
1774620232.0428724,24
1774620233.0433517,67
1774620234.043881,40
1774620235.044386,78
1774620236.0457537,20
1774620237.0462503,47
1774620238.0466998,216
1774620239.0471194,60
1774620240.0491605,72
1774620241.0496585,64
1774620242.050122,43
1774620243.0507998,38
1774620244.0514457,46
1774620245.0519981,30
1774620246.0525353,75
1774620247.0530095,23
1774620248.0534892,53
1774620249.053983,32
1774620250.0547712,28
1774620251.0553894,53
1774620252.0560894,69
1774620253.056674,78
1774620254.0571208,65
1774620255.0578432,38
1774620256.0584936,49
1774620257.0597663,27
1774620258.0603518,27
1774620259.0612373,38
1774620260.06176,53
1774620261.0621989,46
1774620262.0626543,31
1774620263.0631328,57
1774620264.0651217,38
1774620265.0656176,59
1774620266.0662556,32
1774620267.0669746,53
1774620268.067381,51
1774620269.06787,161
1774620270.0686967,62
1774620271.0694156,49
1774620272.0698683,74
1774620273.0703337,21
1774620274.0708318,41
1774620275.0725117,54
1774620276.073368,32
1774620277.0739791,79
1774620278.074507,74
1774620279.0749984,77
1774620280.0755239,75
1774620281.0760102,40
1774620282.0768836,72
1774620283.0777688,77
1774620284.0782313,71
1774620285.0787396,71
1774620286.0791945,40
1774620287.0801585,22
1774620288.080663,41
1774620289.0810874,79
1774620290.0816584,63
1774620291.082144,59
1774620292.0826206,26
1774620293.083088,73
1774620294.0836267,69
1774620295.0845723,26
1774620296.0851014,73
1774620297.0856616,41
1774620298.086123,66
1774620299.0866168,31
1774620300.0871167,70
1774620301.0878062,51
1774620302.0885222,70
1774620303.0892286,71
1774620304.0897856,35
1774620305.0904467,51
1774620306.0911057,20
1774620307.0917773,36
1774620308.0922873,31
1774620309.0928977,65
1774620310.0935388,51
1774620311.0941572,68
1774620312.094788,49
1774620313.0955105,43
1774620314.1041775,33
1774620315.1046948,246
1774620316.105452,76
1774620317.1067183,68
1774620318.109778,59
1774620319.1102736,72
1774620320.1118655,76
1774620321.113412,43
1774620322.1148157,70
1774620323.1157658,52
1774620324.1177769,55
1774620325.11833,34
1774620326.1189654,49
1774620327.1194997,35
1774620328.1201422,76
1774620329.1206975,46
1774620330.1211717,39
1774620331.122509,22
1774620332.1229699,51
1774620333.1235304,31
1774620334.124047,72
1774620335.1245832,21
1774620336.1251135,191
1774620337.1257546,25
1774620338.1262913,20
1774620339.1267614,62
1774620340.1272047,58
1774620341.127719,271
1774620342.1281886,61
1774620343.13192,192
1774620344.132364,41
1774620345.1328087,31
1774620346.133255,41
1774620347.1338716,27
1774620348.1344328,36
1774620349.1350727,69
1774620350.1368577,74
1774620351.1375237,38
1774620352.138134,65
1774620353.1386504,24
1774620354.139154,44
1774620355.1396186,50
1774620356.140132,78
1774620357.1406488,80
1774620358.1417406,31
1774620359.1476996,32
1774620360.1482797,21
1774620361.1488132,30
1774620362.1493697,79
1774620363.15198,72
1774620364.152727,41
1774620365.153422,31
1774620366.1539042,76
1774620367.154541,44
1774620368.156957,57
1774620369.1609485,43
1774620370.1651702,68
1774620371.1676214,56
1774620372.1681237,60
1774620373.174677,62
1774620374.1782339,53
1774620375.1821952,38
1774620376.1828249,52
1774620377.1880586,26
1774620378.1898181,31
1774620379.1998072,37
1774620380.2002933,60
1774620381.2027853,52
1774620382.2044299,23
1774620383.2060072,32
1774620384.207298,63
1774620385.2077727,27
1774620386.2083397,46
1774620387.208945,52
1774620388.2095392,46
1774620389.2100766,40
1774620390.2106178,56
1774620391.211036,67
1774620392.21152,37
1774620393.2120607,61
1774620394.2135708,41
1774620395.215765,28
1774620396.2221346,57
1774620397.2229722,26
1774620398.2266824,45
1774620399.227218,50
1774620400.2277625,63
1774620401.2282453,53
1774620402.230766,25
1774620403.2317765,22
1774620404.2326093,79
1774620405.2332377,35
1774620406.2337205,65
1774620407.234247,33
1774620408.235622,54
1774620409.2360804,40
1774620410.2366781,41
1774620411.2372825,28
1774620412.2378209,61
1774620413.2397108,51
1774620414.240262,48
1774620415.240815,26
1774620416.2413118,49
1774620417.241836,66
1774620418.2424335,79
1774620419.2430077,60
1774620420.2434788,44
1774620421.2441113,72
1774620422.2446973,34
1774620423.2452135,31
1774620424.2458234,23
1774620425.24636,46
1774620426.246919,62
1774620427.247428,55
1774620428.2480006,32
1774620429.248527,28
1774620430.248981,59
1774620431.2498279,67
1774620432.250351,20
1774620433.2508652,28
1774620434.2513685,22
1774620435.2518303,24
1774620436.252312,28
1774620437.2528346,74
1774620438.2533143,80
1774620439.2538352,29
1774620440.2543354,67
1774620441.254747,33
1774620442.2552173,61
1774620443.2556973,43
1774620444.2561634,61
1774620445.2577646,80
1774620446.2582273,186
1774620447.2609255,47
1774620448.2617638,55
1774620449.2678277,20
1774620450.2741663,33
1774620451.2747605,217
1774620452.2778711,23
1774620453.2897587,22
1774620454.290228,68
1774620455.2907367,28
1774620456.2939732,45
1774620457.2948012,23
1774620458.2998004,50
1774620459.3003,34
1774620460.3018558,78
1774620461.3047202,35
1774620462.311691,27
1774620463.3173256,23
1774620464.3179758,34
1774620465.3200192,78
1774620466.3226447,27
1774620467.3271892,44
1774620468.3276772,39
1774620469.3281796,24
1774620470.3287115,52
1774620471.3292232,25
1774620472.3301096,31
1774620473.330654,47
1774620474.3326757,68
1774620475.333171,21
1774620476.3337004,50
1774620477.3342416,58
1774620478.335327,72
1774620479.3506787,73
1774620480.3537955,29
1774620481.354298,51
1774620482.3559754,52
1774620483.3566525,35
1774620484.357216,206
1774620485.3577175,63
1774620486.3581321,32
1774620487.3593886,47
1774620488.3619733,32
1774620489.3625998,174
1774620490.3630903,80
1774620491.3636475,33
1774620492.3667612,286
1774620493.3672457,54
1774620494.367771,74
1774620495.369845,67
1774620496.3720264,40
1774620497.373706,70
1774620498.3741994,20
1774620499.3747633,34
1774620500.3798656,34
1774620501.382777,34
1774620502.3833268,23
1774620503.3839595,30
1774620504.391881,29
1774620505.392382,79
1774620506.3928998,33
1774620507.3934186,262
1774620508.3939548,72
1774620509.394664,54
1774620510.3952632,53
1774620511.3963764,53
1774620512.397445,60
1774620513.398068,40
1774620514.4002101,36
1774620515.4011269,65
1774620516.402773,50
1774620517.403905,47
1774620518.4061,43
1774620519.4065614,45
1774620520.4076235,28
1774620521.4114175,60
1774620522.4122498,65
1774620523.4136894,49
1774620524.4141877,20
1774620525.4159038,51
1774620526.416415,29
1774620527.4169524,41
1774620528.4174945,60
1774620529.4207637,77
1774620530.421302,77
1774620531.4218247,43
1774620532.4223163,48
1774620533.4228072,44
1774620534.4232924,24
1774620535.4238982,64
1774620536.4243956,53
1774620537.4249415,167
1774620538.4254441,67
1774620539.4260345,40
1774620540.4279757,44
1774620541.428803,21
1774620542.4295125,30
1774620543.4309092,69
1774620544.4315453,28
1774620545.4320788,24
1774620546.4326367,56
1774620547.4331238,35
1774620548.4336576,20
1774620549.4341512,37
1774620550.4346905,59
1774620551.4351768,60
1774620552.435932,63
1774620553.4364142,67
1774620554.436959,53
1774620555.4379628,78
1774620556.4423158,23
1774620557.443222,58
1774620558.4445667,60
1774620559.445407,39
1774620560.4469082,32
1774620561.4483402,30
1774620562.4488606,283
1774620563.4502895,70
1774620564.450783,37
1774620565.4512856,64
1774620566.451794,33
1774620567.4553602,40
1774620568.455931,22
1774620569.4569402,80
1774620570.4574018,36
1774620571.4579132,41
1774620572.45968,64
1774620573.460146,76
1774620574.4606228,246
1774620575.4611206,250
1774620576.4615989,30
1774620577.4620736,46
1774620578.4658341,27
1774620579.4663465,22
1774620580.4668682,53
1774620581.4673736,44
1774620582.467895,37
1774620583.4714963,50
1774620584.4719748,40
1774620585.472546,33
1774620586.473253,34
1774620587.473967,35
1774620588.4847574,70
1774620589.4859343,60
1774620590.4880936,63
1774620591.489915,80
1774620592.490477,49
1774620593.4913216,50
1774620594.4941776,56
1774620595.4953365,39
1774620596.4959846,40
1774620597.497141,46
1774620598.4980562,256
1774620599.499204,36
1774620600.5190632,37
1774620601.5196233,49
1774620602.5211873,24
1774620603.5221002,74
1774620604.5230365,41
1774620605.524747,23
1774620606.5266132,59
1774620607.5280163,32
1774620608.5294895,27
1774620609.5300665,57
1774620610.5308943,56
1774620611.5314076,22
1774620612.5319319,40
1774620613.532878,78
1774620614.53337,69
1774620615.5350697,31
1774620616.5356011,57
1774620617.5361085,69
1774620618.5366464,29
1774620619.5372465,25
1774620620.5379562,24
1774620621.538811,36
1774620622.539501,26
1774620623.5399568,74
1774620624.5404956,186
1774620625.5409982,75
1774620626.5437777,24
1774620627.5442853,42
1774620628.5449383,35
1774620629.5457034,25
1774620630.546296,68
1774620631.5467718,75
1774620632.5472565,70
1774620633.547792,31
1774620634.5489087,55
1774620635.5496595,30
1774620636.550644,76
1774620637.551175,69
1774620638.5516286,39
1774620639.552191,73
1774620640.552749,28
1774620641.5543442,65
1774620642.5548613,38
1774620643.5553603,60
1774620644.5564973,35
1774620645.5577817,66
1774620646.5583239,39
1774620647.5590959,49
1774620648.5599906,49
1774620649.5632606,73
1774620650.566771,31
1774620651.5673,20
1774620652.5677907,55
1774620653.5683699,64
1774620654.5691874,38
1774620655.5699832,23
1774620656.5759,20
1774620657.5764027,37
1774620658.5770009,65
1774620659.5787435,50
1774620660.579255,42
1774620661.579794,21
1774620662.5802875,23
1774620663.5810094,53
1774620664.5821335,25
1774620665.5829012,59
1774620666.5834203,68
1774620667.5840266,63
1774620668.5846114,50
1774620669.5850697,66
1774620670.5855427,61
1774620671.586965,21
1774620672.5873992,37
1774620673.5879118,60
1774620674.589607,52
1774620675.5900779,68
1774620676.590639,77
1774620677.5911498,21
1774620678.5916607,62
1774620679.5930982,245
1774620680.5936701,54
1774620681.5942693,74
1774620682.5948834,68
1774620683.5954869,175
1774620684.5959816,44
1774620685.5974474,42
1774620686.598107,78
1774620687.5986176,63
1774620688.599222,23
1774620689.599724,37
1774620690.600788,60
1774620691.6026614,44
1774620692.6031802,32
1774620693.6037376,40
1774620694.604263,63
1774620695.604734,53
1774620696.6051831,41
1774620697.6056979,30
1774620698.6062434,65
1774620699.6070712,30
1774620700.6076496,43
1774620701.608134,24
1774620702.6086164,69
1774620703.6090412,79
1774620704.6095448,60
1774620705.6113367,219
1774620706.6124318,65
1774620707.6129677,56
1774620708.6135757,74
1774620709.614072,25
1774620710.6145973,77
1774620711.615135,73
1774620712.6157146,66
1774620713.6163752,252
1774620714.6169522,54
1774620715.6175547,56
1774620716.6180358,48
1774620717.618709,63
1774620718.6193979,61
1774620719.6201158,151
1774620720.6207397,39
1774620721.6213765,72
1774620722.6219952,41
1774620723.6225052,34
1774620724.6230268,28
1774620725.6235852,49
1774620726.624053,21
1774620727.6245325,68
1774620728.625148,49
1774620729.6257224,47
1774620730.6273828,28
1774620731.6278849,57
1774620732.6283643,56
1774620733.6308746,31
1774620734.6337152,56
1774620735.6344981,21
1774620736.6349835,24
1774620737.6355236,75
1774620738.6359923,46
1774620739.6366851,30
1774620740.63725,51
1774620741.637974,154
1774620742.6385741,52
1774620743.639125,71
1774620744.6396742,51
1774620745.6401784,57
1774620746.6406968,70
1774620747.6412084,68
1774620748.6417186,53
1774620749.6423557,79
1774620750.644085,27
1774620751.644814,78
1774620752.6453185,44
1774620753.645824,71
1774620754.646515,49
1774620755.6470127,46
1774620756.647483,20
1774620757.6479924,31
1774620758.6486359,68
1774620759.6493988,47
1774620760.6499639,58
1774620761.6504474,71
1774620762.6509154,73
1774620763.65137,29
1774620764.6528726,37
1774620765.653652,29
1774620766.6543536,36
1774620767.6551235,63
1774620768.655623,79
1774620769.6561718,54
1774620770.656742,49
1774620771.6572177,55
1774620772.657836,51
1774620773.6584067,26
1774620774.6589308,56
1774620775.6595623,73
1774620776.6601698,75
1774620777.6607442,72
1774620778.6612651,66
1774620779.6617162,31
1774620780.6621807,50
1774620781.6626735,37
1774620782.663137,47
1774620783.6637993,60
1774620784.664452,27
1774620785.6650953,28
1774620786.6655846,40
1774620787.6661456,41
1774620788.6667647,21
1774620789.6672807,76
1774620790.6677682,66
1774620791.668258,80
1774620792.6688392,33
1774620793.6694312,36
1774620794.670035,64
1774620795.670549,49
1774620796.6710389,271
1774620797.6715713,71
1774620798.6720304,58
1774620799.67339,58
1774620800.674012,41
1774620801.6747262,31
1774620802.6753795,55
1774620803.6759179,61
1774620804.678029,45
1774620805.6818023,40
1774620806.6823099,63
1774620807.6828713,34
1774620808.684232,34
1774620809.6854243,24
1774620810.6878886,41
1774620811.6910336,63
1774620812.6916769,34
1774620813.6926973,40
1774620814.6933246,65
1774620815.6949325,62
1774620816.6955795,40
1774620817.6961088,21
1774620818.6965876,28
1774620819.6970184,25
1774620820.697476,70
1774620821.6979096,26
1774620822.6984072,72
1774620823.698878,26
1774620824.6992793,35
1774620825.699737,80
1774620826.700326,72
1774620827.7008991,282
1774620828.7014406,29
1774620829.7020042,36
1774620830.7025487,42
1774620831.7029834,36
1774620832.70348,34
1774620833.704272,39
1774620834.7049026,55
1774620835.705509,62
1774620836.7060497,63
1774620837.7066586,30
1774620838.7072003,25
1774620839.7077177,52
1774620840.7081761,62
1774620841.7086177,60
1774620842.709066,64
1774620843.7097046,32
1774620844.7103107,67
1774620845.7136602,80
1774620846.7141786,66
1774620847.7148001,67
1774620848.7153275,56
1774620849.7158005,50
1774620850.7163885,26
1774620851.7171783,52
1774620852.7177608,49
1774620853.7183127,54
1774620854.7189827,38
1774620855.7195392,55
1774620856.7201767,69
1774620857.7213287,37
1774620858.721976,59
1774620859.7224326,65
1774620860.7230148,25
1774620861.7237105,55
1774620862.7243025,54
1774620863.724833,39
1774620864.725389,33
1774620865.725988,52
1774620866.7264986,71
1774620867.7271242,65
1774620868.727736,33
1774620869.72828,71
1774620870.7316434,23
1774620871.7322617,42
1774620872.7328932,270
1774620873.7335567,57
1774620874.7340524,50
1774620875.7345893,52
1774620876.7350564,30
1774620877.735651,55
1774620878.7363143,48
1774620879.736938,54
1774620880.7375393,66
1774620881.7380185,44
1774620882.738504,25
1774620883.7389615,238
1774620884.7396588,33
1774620885.740848,46
1774620886.741358,51
1774620887.7447472,25
1774620888.7452667,24
1774620889.7470462,66
1774620890.7475824,46
1774620891.7497678,38
1774620892.7506797,61
1774620893.7513745,287
1774620894.7524366,39
1774620895.7529807,58
1774620896.7536201,45
1774620897.7541375,73
1774620898.7546585,80
1774620899.7551022,27
1774620900.7556875,57
1774620901.7561834,34
1774620902.7566872,47
1774620903.7571878,66
1774620904.757705,78
1774620905.7585928,29
1774620906.7591078,79
1774620907.7597022,67
1774620908.7622678,35
1774620909.7627726,55
1774620910.7632542,25
1774620911.7637494,50
1774620912.7646735,43
1774620913.7661946,31
1774620914.7667828,56
1774620915.7672966,35
1774620916.7678638,35
1774620917.7684183,79
1774620918.7689662,58
1774620919.7715888,51
1774620920.772114,27
1774620921.7726614,68
1774620922.7732258,43
1774620923.7747996,27
1774620924.7753313,45
1774620925.7759356,51
1774620926.77656,48
1774620927.7770417,38
1774620928.7822866,74
1774620929.7887862,54
1774620930.7917726,66
1774620931.7922602,46
1774620932.7927613,217
1774620933.7947335,29
1774620934.7951846,44
1774620935.795774,54
1774620936.7963564,70
1774620937.796897,27
1774620938.7985725,37
1774620939.80243,29
1774620940.803033,69
1774620941.803553,44
1774620942.8046756,45
1774620943.8055184,71
1774620944.8062038,32
1774620945.8068492,74
1774620946.8074017,27
1774620947.8079205,79
1774620948.8086107,59
1774620949.8093154,25
1774620950.8121092,32
1774620951.8125942,56
1774620952.8130684,41
1774620953.8136046,57
1774620954.8141334,208
1774620955.8154,260
1774620956.8167243,78
1774620957.8172991,72
1774620958.817777,79
1774620959.8183908,30
1774620960.8191035,54
1774620961.8196566,75
1774620962.8201437,76
1774620963.8207788,29
1774620964.821301,59
1774620965.8218157,70
1774620966.8223248,240
1774620967.8232644,36
1774620968.8237748,66
1774620969.8245926,41
1774620970.82535,71
1774620971.8258367,79
1774620972.8263142,25
1774620973.8269548,38
1774620974.8275566,65
1774620975.8280149,60
1774620976.8285336,79
1774620977.8289914,73
1774620978.8295171,47
1774620979.8300192,40
1774620980.8307085,51
1774620981.8312836,74
1774620982.8319068,56
1774620983.8326125,31
1774620984.8331943,78
1774620985.8337545,66
1774620986.8342283,55
1774620987.8352053,76
1774620988.8360283,150
1774620989.8365831,50
1774620990.8371336,29
1774620991.837808,47
1774620992.838351,60
1774620993.838855,61
1774620994.839342,47
1774620995.8402023,80
1774620996.8408792,23
1774620997.842863,51
1774620998.8434243,67
1774620999.843923,42
1774621000.844586,32
1774621001.8458505,69
1774621002.8467004,36
1774621003.8472102,59
1774621004.8477502,33
1774621005.8483188,38
1774621006.8498971,192
1774621007.850343,76
1774621008.8508341,37
1774621009.8513572,58
1774621010.8518114,20
1774621011.8522737,58
1774621012.8527737,64
1774621013.8533497,47
1774621014.8567038,27
1774621015.857217,75
1774621016.8577876,35
1774621017.8585563,56
1774621018.8599937,80
1774621019.8607733,28
1774621020.8612647,41
1774621021.8617873,48
1774621022.8622367,55
1774621023.8627286,45
1774621024.8632255,29
1774621025.863745,51
1774621026.864275,76
1774621027.864837,46
1774621028.866636,70
1774621029.8670797,25
1774621030.8675313,59
1774621031.868004,58
1774621032.8684843,47
1774621033.869048,76
1774621034.8696475,35
1774621035.870132,65
1774621036.87066,60
1774621037.8712196,74
1774621038.8717291,63
1774621039.8721714,80
1774621040.872785,40
1774621041.873336,36
1774621042.8739486,53
1774621043.874405,49
1774621044.8749006,49
1774621045.8768158,41
1774621046.877303,36
1774621047.8778133,40
1774621048.8783689,54
1774621049.881794,72
1774621050.8823545,75
1774621051.882855,74
1774621052.8833587,29
1774621053.8847055,61
1774621054.8853378,22
1774621055.8859758,53
1774621056.8865006,34
1774621057.8870728,59
1774621058.8889241,68
1774621059.8893864,33
1774621060.8898728,60
1774621061.8903809,78
1774621062.890922,34
1774621063.8915865,80
1774621064.8922248,59
1774621065.892778,77
1774621066.8932068,52
1774621067.8936908,71
1774621068.894138,28
1774621069.894644,45
1774621070.8951147,69
1774621071.8957977,36
1774621072.8978903,78
1774621073.8983731,63
1774621074.898932,67
1774621075.8996394,50
1774621076.9001694,34
1774621077.900671,51
1774621078.9012928,53
1774621079.9019635,69
1774621080.9024234,23
1774621081.9030137,59
1774621082.903527,29
1774621083.905006,42
1774621084.9055953,34
1774621085.9061987,35
1774621086.9067488,28
1774621087.9071972,34
1774621088.9077747,75
1774621089.9084167,72
1774621090.9089408,44
1774621091.9094496,28
1774621092.9099746,29
1774621093.9106889,25
1774621094.9112206,38
1774621095.9117653,48
1774621096.9121652,78
1774621097.9135106,24
1774621098.9139502,70
1774621099.9145188,68
1774621100.915099,33
1774621101.9156296,41
1774621102.9162874,72
1774621103.9168615,30
1774621104.919038,36
1774621105.9202466,27
1774621106.9207578,22
1774621107.9212039,47
1774621108.9229007,26
1774621109.9233944,23
1774621110.92392,20
1774621111.924411,203
1774621112.9249628,69
1774621113.9254475,79
1774621114.9260077,67
1774621115.9265518,59
1774621116.927053,40
1774621117.9276397,30
1774621118.9282148,33
1774621119.9287555,31
1774621120.9293194,79
1774621121.929921,30
1774621122.9305675,24
1774621123.9310641,31
1774621124.931558,35
1774621125.9320617,79
1774621126.933769,29
1774621127.9342866,49
1774621128.935446,58
1774621129.9359074,26
1774621130.9363708,70
1774621131.936817,33
1774621132.9372537,29
1774621133.9377468,60
1774621134.938204,77
1774621135.9387949,39
1774621136.9392948,38
1774621137.939734,54
1774621138.9402165,55
1774621139.9406807,57
1774621140.9411488,76
1774621141.9416244,67
1774621142.9420912,33
1774621143.942629,24
1774621144.9431157,52
1774621145.9436343,79
1774621146.944315,41
1774621147.9473386,53
1774621148.950769,20
1774621149.9512334,80
1774621150.951805,41
1774621151.952328,23
1774621152.9527924,32
1774621153.9532785,43
1774621154.953783,66
1774621155.9542885,20
1774621156.954994,42
1774621157.955671,69
1774621158.956123,22
1774621159.9566164,26
1774621160.957058,70
1774621161.9580882,35
1774621162.95866,67
1774621163.9600317,63
1774621164.960613,68
1774621165.9611993,36
1774621166.961701,61
1774621167.9621918,29
1774621168.962689,62
1774621169.9631238,39
1774621170.963749,33
1774621171.9642444,25
1774621172.965966,41
1774621173.9665108,68
1774621174.9669516,73
1774621175.9674094,44
1774621176.9679635,46
1774621177.9685688,48
1774621178.969115,197
1774621179.9697924,36
1774621180.9702773,34
1774621181.9707518,185
1774621182.971256,79
1774621183.9717479,21
1774621184.9722736,50
1774621185.9728656,32
1774621186.9733884,177
1774621187.9738526,22
1774621188.9744077,31
1774621189.9749703,67
1774621190.975512,37
1774621191.9760191,41
1774621192.9766266,48
1774621193.9771569,29
1774621194.9777546,22
1774621195.9782848,40
1774621196.978719,218
1774621197.979246,49
1774621198.9797468,78
1774621199.9802513,206
1774621200.981389,32
1774621201.9819677,68
1774621202.982539,62
1774621203.9832423,268
1774621204.9837303,26
1774621205.9842114,32
1774621206.9848583,52
1774621207.9866889,52
1774621208.9874144,22
1774621209.988065,64
1774621210.98859,36
1774621211.9890451,30
1774621212.9896553,55
1774621213.990121,62
1774621214.9906113,23
1774621215.9910855,40
1774621216.9916852,44
1774621217.9922173,64
1774621218.9926755,64
1774621219.993213,65
1774621220.993834,58
1774621221.9943526,37
1774621222.9948967,73
1774621223.9956434,47
1774621224.9961972,63
1774621225.9966643,77
1774621226.9971871,53
1774621227.9978602,79
1774621228.998541,68
1774621229.9991088,34
1774621230.9996257,35
1774621232.0001457,69
1774621233.0006392,49
1774621234.0011039,27
1774621235.001688,33
1774621236.0021763,218
1774621237.0027208,22
1774621238.0032196,57
1774621239.0037503,60
1774621240.004212,40
1774621241.0047524,33
1774621242.005243,250
1774621243.0057127,54
1774621244.006272,59
1774621245.0067284,20
1774621246.0071855,41
1774621247.0077915,39
1774621248.0084195,73
1774621249.0089254,54
1774621250.0094285,37
1774621251.010042,32
1774621252.010727,49
1774621253.0112603,32
1774621254.0118132,68
1774621255.012395,80
1774621256.0129669,80
1774621257.0134091,40
1774621258.0138733,194
1774621259.0142994,63
1774621260.0147958,244
1774621261.0152972,25
1774621262.015939,55
1774621263.016614,31
1774621264.0171237,66
1774621265.0176554,67
1774621266.0181222,43
1774621267.018615,49
1774621268.0191882,274
1774621269.0197942,21
1774621270.0203001,30
1774621271.020811,49
1774621272.02144,37
1774621273.0221171,78
1774621274.0226529,58
1774621275.023134,63
1774621276.02378,55
1774621277.0242984,68
1774621278.024771,23
1774621279.0253499,24
1774621280.0259666,68
1774621281.026495,45
1774621282.0270603,37
1774621283.0276937,77
1774621284.0281782,23
1774621285.0288618,44
1774621286.0294125,23
1774621287.0299397,51
1774621288.0305402,56
1774621289.031192,42
1774621290.0317283,73
1774621291.0322142,35
1774621292.0327756,35
1774621293.0333812,44
1774621294.0340276,157
1774621295.0345688,77
1774621296.0351636,76
1774621297.0356703,79
1774621298.036131,30
1774621299.0366473,273
1774621300.0371807,32
1774621301.037652,66
1774621302.0381758,49
1774621303.0387588,58
1774621304.0392742,74
1774621305.0397549,46
1774621306.0402515,276
1774621307.0407815,73
1774621308.0413141,52
1774621309.0419748,54
1774621310.0426269,20
1774621311.0431495,45
1774621312.0437152,34
1774621313.0442705,39
1774621314.0449557,80
1774621315.0455787,67
1774621316.0461655,265
1774621317.0467196,59
1774621318.0472345,53
1774621319.0478272,300
1774621320.0483606,68
1774621321.0488563,79
1774621322.0492995,273
1774621323.049724,23
1774621324.0501428,76
1774621325.05062,74
1774621326.0512524,28
1774621327.052012,57
1774621328.0526009,52
1774621329.0530653,38
1774621330.053888,77
1774621331.0545824,22
1774621332.055153,48
1774621333.055633,75
1774621334.0560462,54
1774621335.0565557,55
1774621336.0571957,66
1774621337.0581717,39
1774621338.058763,37
1774621339.0592446,26
1774621340.059761,282
1774621341.0603094,45
1774621342.061869,58
1774621343.0625658,76
1774621344.0631108,24
1774621345.0638137,55
1774621346.0643933,55
1774621347.0653012,61
1774621348.0668883,77
1774621349.0675216,27
1774621350.0720727,74
1774621351.0727873,57
1774621352.0736034,44
1774621353.074219,22
1774621354.0747738,27
1774621355.0753112,72
1774621356.0758297,234
1774621357.0763042,61
1774621358.0768723,51
1774621359.077363,71
1774621360.0778983,48
1774621361.0784054,22
1774621362.0791903,48
1774621363.079966,77
1774621364.0805063,179
1774621365.0809543,39
1774621366.0815344,62
1774621367.0820167,68
1774621368.0827177,70
1774621369.083596,168
1774621370.084201,80
1774621371.0846934,66
1774621372.0851595,42
1774621373.0856323,23
1774621374.086114,74
1774621375.0867696,57
1774621376.087637,44
1774621377.0882757,79
1774621378.088755,45
1774621379.0892642,32
1774621380.0898018,70
1774621381.090288,77
1774621382.0909011,43
1774621383.0915353,68
1774621384.0930877,52
1774621385.093649,169
1774621386.0942447,250
1774621387.0949268,66
1774621388.0954394,243
1774621389.0959687,77
1774621390.0964897,78
1774621391.096981,50
1774621392.0976894,25
1774621393.0983906,25
1774621394.0990286,35
1774621395.0995805,44
1774621396.1000965,30
1774621397.1006637,70
1774621398.1011727,53
1774621399.1018467,55
1774621400.1025968,37
1774621401.10324,71
1774621402.1037238,56
1774621403.1042848,37
1774621404.1048856,34
1774621405.1053352,76
1774621406.105851,26
1774621407.1064415,40
1774621408.107132,21
1774621409.1077325,43
1774621410.1083004,42
1774621411.1087465,70
1774621412.1092324,23
1774621413.1098068,28
1774621414.1105268,69
1774621415.111191,25
1774621416.1120288,78
1774621417.1126573,75
1774621418.1132402,33
1774621419.1137378,243
1774621420.1142128,68
1774621421.1148214,71
1774621422.1154027,49
1774621423.1160007,45
1774621424.1168108,72
1774621425.1175556,56
1774621426.1180909,21
1774621427.1186612,28
1774621428.1192253,269
1774621429.119728,80
1774621430.1203613,33
1774621431.1211236,77
1774621432.121801,25
1774621433.122343,215
1774621434.1229806,37
1774621435.1257854,29
1774621436.1268382,77
1774621437.1275928,77
1774621438.131784,27
1774621439.1353667,28
1774621440.1375165,59
1774621441.139188,24
1774621442.1424417,28
1774621443.1460679,60
1774621444.1538982,63
1774621445.1558242,40
1774621446.1563222,69
1774621447.156854,63
1774621448.1578243,36
1774621449.1583354,78
1774621450.158858,58
1774621451.159334,151
1774621452.1599247,250
1774621453.160519,80
1774621454.1610928,74
1774621455.1617875,22
1774621456.162407,60
1774621457.1629305,155
1774621458.163428,63
1774621459.1641126,288
1774621460.164749,67
1774621461.165356,24
1774621462.1661572,40
1774621463.1667705,76
1774621464.1672978,60
1774621465.16799,48
1774621466.168809,51
1774621467.169387,29
1774621468.16998,32
1774621469.170696,78
1774621470.1713166,78
1774621471.1718466,70
1774621472.172433,43
1774621473.1730635,33
1774621474.1735568,57
1774621475.174154,47
1774621476.1749103,57
1774621477.1755826,63
1774621478.1760757,76
1774621479.1770723,158
1774621480.1799512,27
1774621481.180612,52
1774621482.1810791,36
1774621483.1816237,74
1774621484.1821496,23
1774621485.1827228,33
1774621486.1831796,59
1774621487.1837158,53
1774621488.1842408,75
1774621489.1851592,61
1774621490.1873314,57
1774621491.1879911,52
1774621492.1889436,52
1774621493.1895382,45
1774621494.190867,74
1774621495.1914005,56
1774621496.1928384,45
1774621497.1946213,38
1774621498.1965973,34
1774621499.19838,28
1774621500.1994183,56
1774621501.2003458,72
1774621502.2015393,66
1774621503.2024925,30
1774621504.2030172,78
1774621505.2049568,186
1774621506.2055273,37
1774621507.2060432,23
1774621508.2067676,34
1774621509.2072783,78
1774621510.208202,62
1774621511.2108848,64
1774621512.2115967,71
1774621513.2148879,72
1774621514.2156296,59
1774621515.2161226,42
1774621516.2166524,58
1774621517.217522,38
1774621518.218337,21
1774621519.218844,68
1774621520.2193627,58
1774621521.219945,67
1774621522.220417,65
1774621523.2210455,214
1774621524.2216568,24
1774621525.2222745,21
1774621526.2234313,66
1774621527.2239218,54
1774621528.2244222,75
1774621529.2273135,53
1774621530.228667,36
1774621531.2291877,42
1774621532.2300928,23
1774621533.2306283,52
1774621534.2311735,67
1774621535.2317631,21
1774621536.232292,24
1774621537.2327855,66
1774621538.233321,68
1774621539.2340422,24
1774621540.23492,52
1774621541.2355704,60
1774621542.2361877,67
1774621543.2367444,76
1774621544.2373087,45
1774621545.237949,65
1774621546.2385275,51
1774621547.2389607,72
1774621548.2397225,26
1774621549.240318,69
1774621550.240868,39
1774621551.2413852,78
1774621552.2421398,62
1774621553.2427492,29
1774621554.2432902,50
1774621555.2437735,64
1774621556.2443879,227
1774621557.2451012,214
1774621558.245684,291
1774621559.2461755,27
1774621560.2466927,25
1774621561.2472196,64
1774621562.2477617,39
1774621563.2483134,234
1774621564.2491157,71
1774621565.2501962,77
1774621566.2522469,27
1774621567.2527769,51
1774621568.253271,29
1774621569.2547748,46
1774621570.2558267,66
1774621571.256349,192
1774621572.2568665,35
1774621573.2573693,27
1774621574.2582989,72
1774621575.2590094,27
1774621576.2595303,45
1774621577.2600822,75
1774621578.2611914,30
1774621579.261761,80
1774621580.262232,38
1774621581.2629244,67
1774621582.2642996,48
1774621583.2656975,30
1774621584.2662368,69
1774621585.2667701,43
1774621586.2672915,51
1774621587.2678554,68
1774621588.2683847,66
1774621589.2694228,78
1774621590.2699993,55
1774621591.2714252,52
1774621592.275323,34
1774621593.2759132,73
1774621594.2772336,61
1774621595.277766,25
1774621596.2782853,55
1774621597.2787623,51
1774621598.2792547,25
1774621599.2798703,52
1774621600.2803953,55
1774621601.2809258,41
1774621602.2819843,67
1774621603.2835584,256
1774621604.2863326,75
1774621605.2899964,33
1774621606.2937531,30
1774621607.2947588,42
1774621608.2967649,65
1774621609.297598,20
1774621610.298187,48
1774621611.2987232,77
1774621612.3041418,25
1774621613.3049076,58
1774621614.3057108,58
1774621615.3063903,28
1774621616.3070147,72
1774621617.3078635,66
1774621618.3108659,21
1774621619.311762,25
1774621620.3123045,72
1774621621.3128984,44
1774621622.313635,52
